Workbook

Sheet Instrucciones
A1: Planilla de evaluación – Rotación de Prehabilitación Quirúrgica
A2: Residente de Anestesiología · Servicio de Kinesiología · Noviembre 2026
B5: Cómo usar
B6: 1. Resumen | C6: Completar los datos del residente y docentes. La nota final y el estado de aprobación se calculan solos.
B7: 2. Asistencia | C7: Marcar cada día: P = presente, A = ausente, J = ausencia justificada, R = día recuperado. Asistencia = (P + R) / días programados.
B8: 3. Seminarios | C8: Puntuar de 0 a 4 cada criterio de los 4 seminarios (descriptores en la hoja «Rubrica_Seminario»). La nota aparece cuando los 8 criterios tienen puntaje.
B9: 4. Desempeño | C9: Puntuar de 0 a 4 cada criterio (descriptores en «Rubrica_Desempeno»). La columna «Mitad de rotación» es formativa y NO entra en la nota; sólo cuenta la columna «Final».
B10: 5. Bitácora | C10: Registrar la entrega semanal en Canvas y un comentario breve del docente.
B11: 6. Feedback | C11: Registrar cada sesión de feedback: autoevaluación, fortalezas, aspectos a mejorar y plan de acción.
B12: 7. Escala_Notas | C12: Tabla de conversión % de logro → nota, calculada con el % de exigencia de «Parametros».
B14: Código de colores
B15: Celda amarilla, texto azul | C15: Dato que se debe ingresar.
B16: Texto negro, sin relleno | C16: Fórmula: no modificar.
B17: Verde / rojo | C17: Formato condicional: cumple / no cumple un requisito de aprobación.
B19: Cálculo de la nota
B20: % de logro | C20: Σ (ponderación del criterio × puntaje / 4). Los pesos de cada criterio suman 100 %.
B21: Nota | C21: Si % < exigencia: nota = 1 + 3 × %/exigencia. Si % ≥ exigencia: nota = 4 + 3 × (% − exigencia)/(1 − exigencia). Se redondea a 1 decimal.
B22: Nota final | C22: 50 % promedio de seminarios + 50 % evaluación global final (redondeada a 1 decimal).
B23: Aprobación | C23: Asistencia ≥ 90 % · Nota final ≥ 5,0 · Nota de seminarios ≥ 5,0. Los tres requisitos son obligatorios.
B25: Ejemplo de cálculo
B26: Criterio (pauta seminario) | C26: Puntaje de ejemplo (0–4) | D26: Peso
B27: Dominio conceptual y precisión científica | C27: 4 | D27: 0.2
B28: Estructura, organización y objetivos | C28: 3 | D28: 0.1
B29: Búsqueda y calidad de la bibliografía | C29: 3 | D29: 0.15
B30: Análisis crítico de la evidencia | C30: 2 | D30: 0.15
B31: Aplicación clínica e integración perioperatoria (caso clínico) | C31: 4 | D31: 0.2
B32: Material de apoyo audiovisual | C32: 3 | D32: 0.05
B33: Comunicación oral y manejo del tiempo | C33: 3 | D33: 0.05
B34: Respuesta a preguntas y conducción de la discusión | C34: 3 | D34: 0.1
B35: % de logro | C35: =SUMPRODUCT(D27:D34,C27:C34)/Parametros!$B$9 -> 0.8125
B36: Nota | C36: =ROUND(IF(C35<Parametros!$B$8,Parametros!$B$5+(Parametros!$B$7-Parametros!$B$5)*C35/Parametros!$B$8,Parametros!$B$7+(Parametros!$B$6-Parametros!$B$7)*(C35-Parametros!$B$8)/(1-Parametros!$B$8)),1) -> 5.6

Sheet Resumen
A1: Resumen y nota final de la rotación
A3: Identificación | B3: Dato
A4: Residente | B4: Nombre Apellido
A5: RUT
A6: Programa | B6: Anestesiología y Reanimación
A7: Docente guía
A8: Kinesiólogo(a) supervisor(a)
A9: Período | B9: 02-11-2026 al 30-11-2026
A11: Componente | B11: Resultado | C11: Ponderación
A12: Nota Seminarios (promedio de 4) | B12: =Seminarios!G20 | C12: =Parametros!$B$10 -> 0.5
A13: Nota Desempeño (Pauta global final) | B13: =Desempeno!E19 | C13: =Parametros!$B$11 -> 0.5
A14: NOTA FINAL DE LA ROTACIÓN | B14: =IF(AND(ISNUMBER(B12),ISNUMBER(B13)),ROUND(B12*C12+B13*C13,1),"")
A15: Asistencia | B15: =Asistencia!C30
A17: Requisito de aprobación | B17: Exigido | C17: ¿Cumple?
A18: 1. Asistencia mínima | B18: =Parametros!$B$14 -> 0.9 | C18: =IF(ISNUMBER(B15),IF(B15>=B18,"SÍ","NO"),"PENDIENTE") -> PENDIENTE
A19: 2. Nota final de la rotación | B19: =Parametros!$B$12 -> 5 | C19: =IF(ISNUMBER(B14),IF(B14>=B19,"SÍ","NO"),"PENDIENTE") -> PENDIENTE
A20: 3. Nota en el área de Seminarios | B20: =Parametros!$B$13 -> 5 | C20: =IF(ISNUMBER(B12),IF(B12>=B20,"SÍ","NO"),"PENDIENTE") -> PENDIENTE
A22: ESTADO DE LA ROTACIÓN | B22: =IF(COUNTIF(C18:C20,"NO")>0,"REPROBADA",IF(COUNTIF(C18:C20,"PENDIENTE")>0,"EN CURSO","APROBADA")) -> EN CURSO
A24: Observaciones finales del docente guía
A31: Firma docente guía:
A32: Firma residente:
A33: Fecha:

Sheet Asistencia
A1: Registro de asistencia
A2: P = presente · A = ausente · J = ausencia justificada · R = día recuperado
A4: Fecha | B4: Día | C4: Estado | D4: Actividad / observación
A5: 46328 | B5: lunes
A6: 46329 | B6: martes
A7: 46330 | B7: miércoles
A8: 46331 | B8: jueves
A9: 46332 | B9: viernes | D9: Seminario
A10: 46335 | B10: lunes
A11: 46336 | B11: martes
A12: 46337 | B12: miércoles
A13: 46338 | B13: jueves
A14: 46339 | B14: viernes | D14: Seminario
A15: 46342 | B15: lunes
A16: 46343 | B16: martes
A17: 46344 | B17: miércoles
A18: 46345 | B18: jueves
A19: 46346 | B19: viernes | D19: Seminario
A20: 46349 | B20: lunes
A21: 46350 | B21: martes
A22: 46351 | B22: miércoles
A23: 46352 | B23: jueves
A24: 46353 | B24: viernes | D24: Seminario
A25: 46356 | B25: lunes | D25: Cierre: evaluación final y feedback
B27: Días programados | C27: =COUNTA(A5:A25) -> 21
B28: Días asistidos (P + R) | C28: =COUNTIF(C5:C25,"P")+COUNTIF(C5:C25,"R") -> 0
B29: Días registrados | C29: =COUNTA(C5:C25) -> 0
B30: % Asistencia | C30: =IF(C29=0,"",C28/C27) | D30: Se calcula sobre el total de días programados; las ausencias justificadas no recuperadas cuentan como inasistencia.
B31: Máximo de inasistencias permitidas | C31: =C27-ROUNDUP(C27*Parametros!$B$14,0) -> 2

Sheet Seminarios
A1: Evaluación de seminarios – Pauta de presentación oral
A2: Puntaje por criterio: 4 Excelente · 3 Bueno · 2 Suficiente · 1 Insuficiente · 0 No logrado
B3: Tema | D3: Prehabilitación quirúrgica: concepto, modelo multimodal y evidencia | E3: Evaluación de la capacidad funcional: herramientas (TM6M, CPET y evaluación de fuerza) | F3: Fragilidad y sarcopenia en el paciente quirúrgico: identificación y abordaje mediante ejercicio de fuerza | G3: Rehabilitación respiratoria perioperatoria y movilización precoz: prevención de complicaciones pulmonares postoperatorias
B4: Fecha | D4: Viernes 6 de noviembre | E4: Viernes 13 de noviembre | F4: Viernes 20 de noviembre | G4: Viernes 27 de noviembre
B5: Docente evaluador
A6: N° | B6: Criterio | C6: Peso | D6: Seminario 1 | E6: Seminario 2 | F6: Seminario 3 | G6: Seminario 4
A7: 1 | B7: Dominio conceptual y precisión científica | C7: 0.2
A8: 2 | B8: Estructura, organización y objetivos | C8: 0.1
A9: 3 | B9: Búsqueda y calidad de la bibliografía | C9: 0.15
A10: 4 | B10: Análisis crítico de la evidencia | C10: 0.15
A11: 5 | B11: Aplicación clínica e integración perioperatoria (caso clínico) | C11: 0.2
A12: 6 | B12: Material de apoyo audiovisual | C12: 0.05
A13: 7 | B13: Comunicación oral y manejo del tiempo | C13: 0.05
A14: 8 | B14: Respuesta a preguntas y conducción de la discusión | C14: 0.1
B15: Suma de ponderaciones | C15: =SUM(C7:C14) -> 1
B16: Puntaje bruto (máx. 32) | D16: =SUM(D7:D14) -> 0 | E16: =SUM(E7:E14) -> 0 | F16: =SUM(F7:F14) -> 0 | G16: =SUM(G7:G14) -> 0
B17: % de logro ponderado | D17: =IF(COUNT(D7:D14)<8,"",SUMPRODUCT($C$7:$C$14,D7:D14)/Parametros!$B$9) | E17: =IF(COUNT(E7:E14)<8,"",SUMPRODUCT($C$7:$C$14,E7:E14)/Parametros!$B$9) | F17: =IF(COUNT(F7:F14)<8,"",SUMPRODUCT($C$7:$C$14,F7:F14)/Parametros!$B$9) | G17: =IF(COUNT(G7:G14)<8,"",SUMPRODUCT($C$7:$C$14,G7:G14)/Parametros!$B$9)
B18: Nota del seminario | D18: =IF(D17="","",ROUND(IF(D17<Parametros!$B$8,Parametros!$B$5+(Parametros!$B$7-Parametros!$B$5)*D17/Parametros!$B$8,Parametros!$B$7+(Parametros!$B$6-Parametros!$B$7)*(D17-Parametros!$B$8)/(1-Parametros!$B$8)),1)) | E18: =IF(E17="","",ROUND(IF(E17<Parametros!$B$8,Parametros!$B$5+(Parametros!$B$7-Parametros!$B$5)*E17/Parametros!$B$8,Parametros!$B$7+(Parametros!$B$6-Parametros!$B$7)*(E17-Parametros!$B$8)/(1-Parametros!$B$8)),1)) | F18: =IF(F17="","",ROUND(IF(F17<Parametros!$B$8,Parametros!$B$5+(Parametros!$B$7-Parametros!$B$5)*F17/Parametros!$B$8,Parametros!$B$7+(Parametros!$B$6-Parametros!$B$7)*(F17-Parametros!$B$8)/(1-Parametros!$B$8)),1)) | G18: =IF(G17="","",ROUND(IF(G17<Parametros!$B$8,Parametros!$B$5+(Parametros!$B$7-Parametros!$B$5)*G17/Parametros!$B$8,Parametros!$B$7+(Parametros!$B$6-Parametros!$B$7)*(G17-Parametros!$B$8)/(1-Parametros!$B$8)),1))
F20: Promedio seminarios | G20: =IF(COUNT(D18:G18)=0,"",ROUND(AVERAGE(D18:G18),1)) | H20: Promedia los seminarios ya evaluados; con los 4 evaluados es la nota oficial.
B21: Feedback / comentarios del evaluador

Sheet Desempeno
A1: Evaluación de desempeño – Pauta de evaluación global
A2: Puntaje por criterio: 4 Excelente · 3 Bueno · 2 Suficiente · 1 Insuficiente · 0 No logrado
B4: Fecha | D4: 13-11-2026 | E4: 30-11-2026
B5: Evaluador
A6: N° | B6: Criterio | C6: Peso | D6: Mitad de rotación (formativa) | E6: Final (sumativa) | F6: Observaciones
A7: 1 | B7: Evaluación funcional preoperatoria | C7: 0.15
A8: 2 | B8: Estratificación del riesgo e integración de resultados (incluye CPET) | C8: 0.15
A9: 3 | B9: Planificación de la prehabilitación multimodal | C9: 0.15
A10: 4 | B10: Rehabilitación respiratoria y movilización precoz | C10: 0.1
A11: 5 | B11: Trabajo coordinado con kinesiología y el equipo interdisciplinario | C11: 0.1
A12: 6 | B12: Comunicación con el paciente y la familia; educación | C12: 0.1
A13: 7 | B13: Registro clínico y presentación de casos | C13: 0.05
A14: 8 | B14: Profesionalismo (puntualidad, responsabilidad, ética, trato) | C14: 0.1
A15: 9 | B15: Aprendizaje autodirigido y bitácora reflexiva | C15: 0.05
A16: 10 | B16: Receptividad y respuesta al feedback | C16: 0.05
B17: Suma de ponderaciones | C17: =SUM(C7:C16) -> 1
B18: % de logro ponderado | D18: =IF(COUNT(D7:D16)<10,"",SUMPRODUCT($C$7:$C$16,D7:D16)/Parametros!$B$9) | E18: =IF(COUNT(E7:E16)<10,"",SUMPRODUCT($C$7:$C$16,E7:E16)/Parametros!$B$9)
B19: Nota (sólo la columna Final entra en la nota de la rotación) | D19: =IF(D18="","",ROUND(IF(D18<Parametros!$B$8,Parametros!$B$5+(Parametros!$B$7-Parametros!$B$5)*D18/Parametros!$B$8,Parametros!$B$7+(Parametros!$B$6-Parametros!$B$7)*(D18-Parametros!$B$8)/(1-Parametros!$B$8)),1)) | E19: =IF(E18="","",ROUND(IF(E18<Parametros!$B$8,Parametros!$B$5+(Parametros!$B$7-Parametros!$B$5)*E18/Parametros!$B$8,Parametros!$B$7+(Parametros!$B$6-Parametros!$B$7)*(E18-Parametros!$B$8)/(1-Parametros!$B$8)),1))
D20: Formativa: sin nota oficial

Sheet Bitacora
A1: Bitácora reflexiva semanal (Canvas)
A2: Preguntas: ¿Qué aprendí? · ¿Qué cambió mi forma de evaluar un paciente? · ¿Qué haría distinto ahora?
A4: Semana | B4: Fecha límite | C4: Fecha de entrega | D4: ¿Entregada a tiempo? | E4: Calidad reflexiva (0–4) | F4: Comentario del docente
A5: Semana 1 | B5: 46334 | D5: =IF(C5="","",IF(C5<=B5,"SÍ","ATRASADA"))
A6: Semana 2 | B6: 46341 | D6: =IF(C6="","",IF(C6<=B6,"SÍ","ATRASADA"))
A7: Semana 3 | B7: 46348 | D7: =IF(C7="","",IF(C7<=B7,"SÍ","ATRASADA"))
A8: Semana 4 | B8: 46355 | D8: =IF(C8="","",IF(C8<=B8,"SÍ","ATRASADA"))
D10: Entregadas | E10: =COUNTA(C5:C8) -> 0 | F10: Referencia para puntuar el criterio 9 de la Pauta de evaluación global.
D11: Promedio calidad | E11: =IF(COUNT(E5:E8)=0,"",AVERAGE(E5:E8))

Sheet Feedback
A1: Registro de feedback estructurado
A2: Modelo: 1) autoevaluación del residente · 2) fortalezas · 3) aspectos a mejorar · 4) plan de acción con compromisos
A4: Fecha | B4: Instancia | C4: Evaluador | D4: Autoevaluación del residente | E4: Fortalezas observadas | F4: Aspectos a mejorar | G4: Plan de acción / compromisos | H4: Seguimiento (¿se cumplió?)
A5: 06-11-2026 | B5: Post seminario 1
A6: 13-11-2026 | B6: Mitad de rotación + post seminario 2
A7: 20-11-2026 | B7: Post seminario 3
A8: 27-11-2026 | B8: Post seminario 4
A9: 30-11-2026 | B9: Final de rotación
B10: Otra (clínica)
B11: Otra (clínica)

Sheet Rubrica_Seminario
A1: Rúbrica – Pauta de presentación oral (Seminarios)
A2: Descriptores por nivel de desempeño. El nivel 0 corresponde a «No logrado / ausente».
A4: N° | B4: Criterio | C4: Peso | D4: 4 · Excelente | E4: 3 · Bueno | F4: 2 · Suficiente | G4: 1 · Insuficiente
A5: 1 | B5: Dominio conceptual y precisión científica | C5: 0.2 | D5: Demuestra dominio profundo del tema; conceptos precisos y actualizados; integra fisiología y clínica sin errores. | E5: Buen dominio del tema con imprecisiones menores que no afectan el mensaje. | F5: Dominio básico; algunos errores conceptuales o información desactualizada. | G5: Dominio insuficiente; errores conceptuales relevantes.
A6: 2 | B6: Estructura, organización y objetivos | C6: 0.1 | D6: Objetivos explícitos; secuencia lógica (introducción, desarrollo, conclusiones); transiciones claras. | E6: Estructura adecuada con pequeñas faltas de secuencia. | F6: Estructura poco clara; objetivos implícitos o incompletos. | G6: Presentación desordenada, sin objetivos ni conclusiones.
A7: 3 | B7: Búsqueda y calidad de la bibliografía | C7: 0.15 | D7: ≥ 5 referencias pertinentes, actualizadas (guías, ensayos clínicos, revisiones sistemáticas), correctamente citadas. | E7: Referencias pertinentes y adecuadas, con alguna fuente desactualizada o cita incompleta. | F7: Pocas referencias o predominio de fuentes secundarias de baja calidad. | G7: Bibliografía ausente, irrelevante o no citada.
A8: 4 | B8: Análisis crítico de la evidencia | C8: 0.15 | D8: Analiza el diseño, la calidad y las limitaciones de los estudios; distingue niveles de evidencia y su aplicabilidad local. | E8: Analiza la evidencia con algunas omisiones en limitaciones o aplicabilidad. | F8: Describe los estudios sin análisis crítico. | G8: No presenta evidencia o la interpreta erróneamente.
A9: 5 | B9: Aplicación clínica e integración perioperatoria (caso clínico) | C9: 0.2 | D9: Integra un caso real de la rotación; traduce la evidencia en decisiones concretas de evaluación, prehabilitación y manejo anestésico, en coordinación con kinesiología. | E9: Presenta un caso y lo vincula con el tema, con integración parcial al manejo anestésico. | F9: Caso poco relacionado o aplicación clínica genérica. | G9: Sin caso clínico ni aplicación práctica.
A10: 6 | B10: Material de apoyo audiovisual | C10: 0.05 | D10: Diapositivas claras, legibles, sin sobrecarga de texto; gráficos y tablas que facilitan la comprensión. | E10: Material adecuado con exceso puntual de texto o algún elemento poco legible. | F10: Material recargado o de difícil lectura. | G10: Material ausente o que dificulta la comprensión.
A11: 7 | B11: Comunicación oral y manejo del tiempo | C11: 0.05 | D11: Expone con fluidez, lenguaje técnico apropiado, contacto visual; respeta el tiempo (30 ± 3 min). | E11: Buena comunicación; desviación menor del tiempo (± 5 min). | F11: Lee gran parte de la presentación o se desvía del tiempo > 5 min. | G11: Comunicación deficiente; no logra completar la presentación en el tiempo.
A12: 8 | B12: Respuesta a preguntas y conducción de la discusión | C12: 0.1 | D12: Responde con fundamento, reconoce límites del conocimiento y promueve la discusión. | E12: Responde adecuadamente la mayoría de las preguntas. | F12: Respuestas parciales o poco fundamentadas. | G12: No logra responder o lo hace de forma incorrecta.

Sheet Rubrica_Desempeno
A1: Rúbrica – Pauta de evaluación global de desempeño
A2: Descriptores por nivel de desempeño. El nivel 0 corresponde a «No logrado / ausente».
A4: N° | B4: Criterio | C4: Peso | D4: 4 · Excelente | E4: 3 · Bueno | F4: 2 · Suficiente | G4: 1 · Insuficiente
A5: 1 | B5: Evaluación funcional preoperatoria | C5: 0.15 | D5: Realiza en forma autónoma y sistemática la anamnesis funcional (METs, DASI) y aplica e interpreta correctamente TM6M, pruebas de fuerza y SPPB. | E5: Realiza la evaluación completa con supervisión mínima y errores menores de interpretación. | F5: Realiza la evaluación con supervisión frecuente; omite componentes o interpreta parcialmente. | G5: Evaluación incompleta o incorrecta pese a la supervisión.
A6: 2 | B6: Estratificación del riesgo e integración de resultados (incluye CPET) | C6: 0.15 | D6: Integra capacidad funcional, fragilidad y riesgo pulmonar/cardiaco (ARISCAT, CFS, umbrales de CPET) y las traduce en decisiones anestésicas fundamentadas. | E6: Estratifica el riesgo correctamente con integración parcial a la planificación anestésica. | F6: Estratifica el riesgo con herramientas aisladas, sin integrar los resultados. | G6: No logra estimar el riesgo o lo hace de forma errónea.
A7: 3 | B7: Planificación de la prehabilitación multimodal | C7: 0.15 | D7: Propone un plan individualizado (ejercicio aeróbico y de fuerza con FITT, IMT, nutrición, apoyo psicológico, tabaco, anemia) con plazos realistas. | E7: Propone un plan adecuado, con algún componente poco individualizado. | F7: Plan genérico, limitado a uno o dos componentes. | G7: No logra proponer un plan coherente.
A8: 4 | B8: Rehabilitación respiratoria y movilización precoz | C8: 0.1 | D8: Indica y fundamenta IMT, técnicas respiratorias y metas de movilización; identifica y resuelve barreras anestésicas para movilizar. | E8: Indica estrategias adecuadas con fundamentación parcial. | F8: Conoce las estrategias pero no las aplica al caso particular. | G8: Desconoce las estrategias o las indica erróneamente.
A9: 5 | B9: Trabajo coordinado con kinesiología y el equipo interdisciplinario | C9: 0.1 | D9: Se integra activamente; respeta y valora el rol del kinesiólogo; comunica en forma clara y oportuna; deriva adecuadamente. | E9: Trabaja en equipo de forma adecuada con oportunidades menores de mejora en la comunicación. | F9: Participación pasiva o comunicación poco oportuna. | G9: Dificultades para trabajar en equipo o desconoce roles.
A10: 6 | B10: Comunicación con el paciente y la familia; educación | C10: 0.1 | D10: Explica con lenguaje claro la evaluación y el plan; promueve la adherencia; considera preferencias del paciente. | E10: Comunicación adecuada con oportunidades menores de mejora. | F10: Comunicación técnica o poco empática; educación insuficiente. | G10: Comunicación inadecuada con el paciente o la familia.
A11: 7 | B11: Registro clínico y presentación de casos | C11: 0.05 | D11: Registros completos, oportunos y legibles; presenta casos de forma concisa y estructurada. | E11: Registros y presentaciones adecuados con omisiones menores. | F11: Registros incompletos o presentaciones desordenadas. | G11: No registra o lo hace de manera deficiente.
A12: 8 | B12: Profesionalismo (puntualidad, responsabilidad, ética, trato) | C12: 0.1 | D12: Puntual, responsable, proactivo; trato respetuoso con pacientes y equipo; conducta ética intachable. | E12: Cumple adecuadamente; faltas menores aisladas. | F12: Faltas reiteradas de puntualidad o responsabilidad. | G12: Faltas graves de profesionalismo.
A13: 9 | B13: Aprendizaje autodirigido y bitácora reflexiva | C13: 0.05 | D13: Entrega las 4 bitácoras a tiempo con reflexión profunda; busca bibliografía motivada por sus casos. | E13: Entrega las bitácoras con reflexión adecuada; algún atraso menor. | F13: Bitácoras descriptivas, poco reflexivas o con atrasos. | G13: No entrega bitácoras o son superficiales.
A14: 10 | B14: Receptividad y respuesta al feedback | C14: 0.05 | D14: Solicita feedback, lo acepta y demuestra mejoras concretas. | E14: Acepta el feedback e incorpora la mayoría de las sugerencias. | F14: Acepta el feedback pero muestra pocos cambios. | G14: No acepta el feedback o no muestra cambios.

Sheet Escala_Notas
A1: Escala de notas (1,0 – 7,0)
A2: Calculada con el % de exigencia definido en «Parametros».
A4: % de logro | B4: Nota | D4: % de logro | E4: Nota | G4: % de logro | H4: Nota
A5: 0 | B5: =ROUND(IF(A5<Parametros!$B$8,Parametros!$B$5+(Parametros!$B$7-Parametros!$B$5)*A5/Parametros!$B$8,Parametros!$B$7+(Parametros!$B$6-Parametros!$B$7)*(A5-Parametros!$B$8)/(1-Parametros!$B$8)),1) -> 1 | D5: 0.34 | E5: =ROUND(IF(D5<Parametros!$B$8,Parametros!$B$5+(Parametros!$B$7-Parametros!$B$5)*D5/Parametros!$B$8,Parametros!$B$7+(Parametros!$B$6-Parametros!$B$7)*(D5-Parametros!$B$8)/(1-Parametros!$B$8)),1) -> 2.7 | G5: 0.68 | H5: =ROUND(IF(G5<Parametros!$B$8,Parametros!$B$5+(Parametros!$B$7-Parametros!$B$5)*G5/Parametros!$B$8,Parametros!$B$7+(Parametros!$B$6-Parametros!$B$7)*(G5-Parametros!$B$8)/(1-Parametros!$B$8)),1) -> 4.6
A6: 0.01 | B6: =ROUND(IF(A6<Parametros!$B$8,Parametros!$B$5+(Parametros!$B$7-Parametros!$B$5)*A6/Parametros!$B$8,Parametros!$B$7+(Parametros!$B$6-Parametros!$B$7)*(A6-Parametros!$B$8)/(1-Parametros!$B$8)),1) -> 1.1 | D6: 0.35 | E6: =ROUND(IF(D6<Parametros!$B$8,Parametros!$B$5+(Parametros!$B$7-Parametros!$B$5)*D6/Parametros!$B$8,Parametros!$B$7+(Parametros!$B$6-Parametros!$B$7)*(D6-Parametros!$B$8)/(1-Parametros!$B$8)),1) -> 2.8 | G6: 0.69 | H6: =ROUND(IF(G6<Parametros!$B$8,Parametros!$B$5+(Parametros!$B$7-Parametros!$B$5)*G6/Parametros!$B$8,Parametros!$B$7+(Parametros!$B$6-Parametros!$B$7)*(G6-Parametros!$B$8)/(1-Parametros!$B$8)),1) -> 4.7
A7: 0.02 | B7: =ROUND(IF(A7<Parametros!$B$8,Parametros!$B$5+(Parametros!$B$7-Parametros!$B$5)*A7/Parametros!$B$8,Parametros!$B$7+(Parametros!$B$6-Parametros!$B$7)*(A7-Parametros!$B$8)/(1-Parametros!$B$8)),1) -> 1.1 | D7: 0.36 | E7: =ROUND(IF(D7<Parametros!$B$8,Parametros!$B$5+(Parametros!$B$7-Parametros!$B$5)*D7/Parametros!$B$8,Parametros!$B$7+(Parametros!$B$6-Parametros!$B$7)*(D7-Parametros!$B$8)/(1-Parametros!$B$8)),1) -> 2.8 | G7: 0.7 | H7: =ROUND(IF(G7<Parametros!$B$8,Parametros!$B$5+(Parametros!$B$7-Parametros!$B$5)*G7/Parametros!$B$8,Parametros!$B$7+(Parametros!$B$6-Parametros!$B$7)*(G7-Parametros!$B$8)/(1-Parametros!$B$8)),1) -> 4.8
A8: 0.03 | B8: =ROUND(IF(A8<Parametros!$B$8,Parametros!$B$5+(Parametros!$B$7-Parametros!$B$5)*A8/Parametros!$B$8,Parametros!$B$7+(Parametros!$B$6-Parametros!$B$7)*(A8-Parametros!$B$8)/(1-Parametros!$B$8)),1) -> 1.2 | D8: 0.37 | E8: =ROUND(IF(D8<Parametros!$B$8,Parametros!$B$5+(Parametros!$B$7-Parametros!$B$5)*D8/Parametros!$B$8,Parametros!$B$7+(Parametros!$B$6-Parametros!$B$7)*(D8-Parametros!$B$8)/(1-Parametros!$B$8)),1) -> 2.9 | G8: 0.71 | H8: =ROUND(IF(G8<Parametros!$B$8,Parametros!$B$5+(Parametros!$B$7-Parametros!$B$5)*G8/Parametros!$B$8,Parametros!$B$7+(Parametros!$B$6-Parametros!$B$7)*(G8-Parametros!$B$8)/(1-Parametros!$B$8)),1) -> 4.8
A9: 0.04 | B9: =ROUND(IF(A9<Parametros!$B$8,Parametros!$B$5+(Parametros!$B$7-Parametros!$B$5)*A9/Parametros!$B$8,Parametros!$B$7+(Parametros!$B$6-Parametros!$B$7)*(A9-Parametros!$B$8)/(1-Parametros!$B$8)),1) -> 1.2 | D9: 0.38 | E9: =ROUND(IF(D9<Parametros!$B$8,Parametros!$B$5+(Parametros!$B$7-Parametros!$B$5)*D9/Parametros!$B$8,Parametros!$B$7+(Parametros!$B$6-Parametros!$B$7)*(D9-Parametros!$B$8)/(1-Parametros!$B$8)),1) -> 2.9 | G9: 0.72 | H9: =ROUND(IF(G9<Parametros!$B$8,Parametros!$B$5+(Parametros!$B$7-Parametros!$B$5)*G9/Parametros!$B$8,Parametros!$B$7+(Parametros!$B$6-Parametros!$B$7)*(G9-Parametros!$B$8)/(1-Parametros!$B$8)),1) -> 4.9
A10: 0.05 | B10: =ROUND(IF(A10<Parametros!$B$8,Parametros!$B$5+(Parametros!$B$7-Parametros!$B$5)*A10/Parametros!$B$8,Parametros!$B$7+(Parametros!$B$6-Parametros!$B$7)*(A10-Parametros!$B$8)/(1-Parametros!$B$8)),1) -> 1.3 | D10: 0.39 | E10: =ROUND(IF(D10<Parametros!$B$8,Parametros!$B$5+(Parametros!$B$7-Parametros!$B$5)*D10/Parametros!$B$8,Parametros!$B$7+(Parametros!$B$6-Parametros!$B$7)*(D10-Parametros!$B$8)/(1-Parametros!$B$8)),1) -> 3 | G10: 0.73 | H10: =ROUND(IF(G10<Parametros!$B$8,Parametros!$B$5+(Parametros!$B$7-Parametros!$B$5)*G10/Parametros!$B$8,Parametros!$B$7+(Parametros!$B$6-Parametros!$B$7)*(G10-Parametros!$B$8)/(1-Parametros!$B$8)),1) -> 5
A11: 0.06 | B11: =ROUND(IF(A11<Parametros!$B$8,Parametros!$B$5+(Parametros!$B$7-Parametros!$B$5)*A11/Parametros!$B$8,Parametros!$B$7+(Parametros!$B$6-Parametros!$B$7)*(A11-Parametros!$B$8)/(1-Parametros!$B$8)),1) -> 1.3 | D11: 0.4 | E11: =ROUND(IF(D11<Parametros!$B$8,Parametros!$B$5+(Parametros!$B$7-Parametros!$B$5)*D11/Parametros!$B$8,Parametros!$B$7+(Parametros!$B$6-Parametros!$B$7)*(D11-Parametros!$B$8)/(1-Parametros!$B$8)),1) -> 3 | G11: 0.74 | H11: =ROUND(IF(G11<Parametros!$B$8,Parametros!$B$5+(Parametros!$B$7-Parametros!$B$5)*G11/Parametros!$B$8,Parametros!$B$7+(Parametros!$B$6-Parametros!$B$7)*(G11-Parametros!$B$8)/(1-Parametros!$B$8)),1) -> 5.1
A12: 0.07 | B12: =ROUND(IF(A12<Parametros!$B$8,Parametros!$B$5+(Parametros!$B$7-Parametros!$B$5)*A12/Parametros!$B$8,Parametros!$B$7+(Parametros!$B$6-Parametros!$B$7)*(A12-Parametros!$B$8)/(1-Parametros!$B$8)),1) -> 1.4 | D12: 0.41 | E12: =ROUND(IF(D12<Parametros!$B$8,Parametros!$B$5+(Parametros!$B$7-Parametros!$B$5)*D12/Parametros!$B$8,Parametros!$B$7+(Parametros!$B$6-Parametros!$B$7)*(D12-Parametros!$B$8)/(1-Parametros!$B$8)),1) -> 3.1 | G12: 0.75 | H12: =ROUND(IF(G12<Parametros!$B$8,Parametros!$B$5+(Parametros!$B$7-Parametros!$B$5)*G12/Parametros!$B$8,Parametros!$B$7+(Parametros!$B$6-Parametros!$B$7)*(G12-Parametros!$B$8)/(1-Parametros!$B$8)),1) -> 5.1
A13: 0.08 | B13: =ROUND(IF(A13<Parametros!$B$8,Parametros!$B$5+(Parametros!$B$7-Parametros!$B$5)*A13/Parametros!$B$8,Parametros!$B$7+(Parametros!$B$6-Parametros!$B$7)*(A13-Parametros!$B$8)/(1-Parametros!$B$8)),1) -> 1.4 | D13: 0.42 | E13: =ROUND(IF(D13<Parametros!$B$8,Parametros!$B$5+(Parametros!$B$7-Parametros!$B$5)*D13/Parametros!$B$8,Parametros!$B$7+(Parametros!$B$6-Parametros!$B$7)*(D13-Parametros!$B$8)/(1-Parametros!$B$8)),1) -> 3.1 | G13: 0.76 | H13: =ROUND(IF(G13<Parametros!$B$8,Parametros!$B$5+(Parametros!$B$7-Parametros!$B$5)*G13/Parametros!$B$8,Parametros!$B$7+(Parametros!$B$6-Parametros!$B$7)*(G13-Parametros!$B$8)/(1-Parametros!$B$8)),1) -> 5.2
A14: 0.09 | B14: =ROUND(IF(A14<Parametros!$B$8,Parametros!$B$5+(Parametros!$B$7-Parametros!$B$5)*A14/Parametros!$B$8,Parametros!$B$7+(Parametros!$B$6-Parametros!$B$7)*(A14-Parametros!$B$8)/(1-Parametros!$B$8)),1) -> 1.5 | D14: 0.43 | E14: =ROUND(IF(D14<Parametros!$B$8,Parametros!$B$5+(Parametros!$B$7-Parametros!$B$5)*D14/Parametros!$B$8,Parametros!$B$7+(Parametros!$B$6-Parametros!$B$7)*(D14-Parametros!$B$8)/(1-Parametros!$B$8)),1) -> 3.2 | G14: 0.77 | H14: =ROUND(IF(G14<Parametros!$B$8,Parametros!$B$5+(Parametros!$B$7-Parametros!$B$5)*G14/Parametros!$B$8,Parametros!$B$7+(Parametros!$B$6-Parametros!$B$7)*(G14-Parametros!$B$8)/(1-Parametros!$B$8)),1) -> 5.3
A15: 0.1 | B15: =ROUND(IF(A15<Parametros!$B$8,Parametros!$B$5+(Parametros!$B$7-Parametros!$B$5)*A15/Parametros!$B$8,Parametros!$B$7+(Parametros!$B$6-Parametros!$B$7)*(A15-Parametros!$B$8)/(1-Parametros!$B$8)),1) -> 1.5 | D15: 0.44 | E15: =ROUND(IF(D15<Parametros!$B$8,Parametros!$B$5+(Parametros!$B$7-Parametros!$B$5)*D15/Parametros!$B$8,Parametros!$B$7+(Parametros!$B$6-Parametros!$B$7)*(D15-Parametros!$B$8)/(1-Parametros!$B$8)),1) -> 3.2 | G15: 0.78 | H15: =ROUND(IF(G15<Parametros!$B$8,Parametros!$B$5+(Parametros!$B$7-Parametros!$B$5)*G15/Parametros!$B$8,Parametros!$B$7+(Parametros!$B$6-Parametros!$B$7)*(G15-Parametros!$B$8)/(1-Parametros!$B$8)),1) -> 5.4
A16: 0.11 | B16: =ROUND(IF(A16<Parametros!$B$8,Parametros!$B$5+(Parametros!$B$7-Parametros!$B$5)*A16/Parametros!$B$8,Parametros!$B$7+(Parametros!$B$6-Parametros!$B$7)*(A16-Parametros!$B$8)/(1-Parametros!$B$8)),1) -> 1.6 | D16: 0.45 | E16: =ROUND(IF(D16<Parametros!$B$8,Parametros!$B$5+(Parametros!$B$7-Parametros!$B$5)*D16/Parametros!$B$8,Parametros!$B$7+(Parametros!$B$6-Parametros!$B$7)*(D16-Parametros!$B$8)/(1-Parametros!$B$8)),1) -> 3.3 | G16: 0.79 | H16: =ROUND(IF(G16<Parametros!$B$8,Parametros!$B$5+(Parametros!$B$7-Parametros!$B$5)*G16/Parametros!$B$8,Parametros!$B$7+(Parametros!$B$6-Parametros!$B$7)*(G16-Parametros!$B$8)/(1-Parametros!$B$8)),1) -> 5.4
... A37: 0.32 | B37: =ROUND(IF(A37<Parametros!$B$8,Parametros!$B$5+(Parametros!$B$7-Parametros!$B$5)*A37/Parametros!$B$8,Parametros!$B$7+(Parametros!$B$6-Parametros!$B$7)*(A37-Parametros!$B$8)/(1-Parametros!$B$8)),1) -> 2.6 | D37: 0.66 | E37: =ROUND(IF(D37<Parametros!$B$8,Parametros!$B$5+(Parametros!$B$7-Parametros!$B$5)*D37/Parametros!$B$8,Parametros!$B$7+(Parametros!$B$6-Parametros!$B$7)*(D37-Parametros!$B$8)/(1-Parametros!$B$8)),1) -> 4.5 | G37: 1 | H37: =ROUND(IF(G37<Parametros!$B$8,Parametros!$B$5+(Parametros!$B$7-Parametros!$B$5)*G37/Parametros!$B$8,Parametros!$B$7+(Parametros!$B$6-Parametros!$B$7)*(G37-Parametros!$B$8)/(1-Parametros!$B$8)),1) -> 7
A38: 0.33 | B38: =ROUND(IF(A38<Parametros!$B$8,Parametros!$B$5+(Parametros!$B$7-Parametros!$B$5)*A38/Parametros!$B$8,Parametros!$B$7+(Parametros!$B$6-Parametros!$B$7)*(A38-Parametros!$B$8)/(1-Parametros!$B$8)),1) -> 2.7 | D38: 0.67 | E38: =ROUND(IF(D38<Parametros!$B$8,Parametros!$B$5+(Parametros!$B$7-Parametros!$B$5)*D38/Parametros!$B$8,Parametros!$B$7+(Parametros!$B$6-Parametros!$B$7)*(D38-Parametros!$B$8)/(1-Parametros!$B$8)),1) -> 4.5

Sheet Parametros
A1: Parámetros de la evaluación
A2: Valores definidos por el programa. Modificar sólo si cambia el reglamento.
A4: Parámetro | B4: Valor | C4: Fuente / nota
A5: Nota mínima de la escala | B5: 1 | C5: Escala de notas 1 a 7 (programa de la rotación).
A6: Nota máxima de la escala | B6: 7 | C6: Escala de notas 1 a 7 (programa de la rotación).
A7: Nota de aprobación de la escala (nota 4,0) | B7: 4 | C7: Nota que se obtiene con el porcentaje de exigencia.
A8: Porcentaje de exigencia | B8: 0.6 | C8: Supuesto: 60 % de logro = nota 4,0 (estándar habitual en Chile). Ajustar si el reglamento indica otro.
A9: Puntaje máximo por criterio | B9: 4 | C9: Niveles de desempeño 0 a 4 (ver hojas de rúbricas).
A10: Ponderación Seminarios | B10: 0.5 | C10: Programa: Pauta de presentación oral = 50 % de la nota final.
A11: Ponderación Desempeño (Pauta global) | B11: 0.5 | C11: Programa: Pauta de evaluación global = 50 % de la nota final.
A12: Nota final mínima de aprobación | B12: 5 | C12: Programa: requisito 2.
A13: Nota mínima en Seminarios | B13: 5 | C13: Programa: requisito 3.
A14: Asistencia mínima | B14: 0.9 | C14: Programa: requisito 1.
